{"chunk_definitions":[{"row":16,"row_count":1,"visible":true,"expansion_state":0,"options":{"engine":"r","label":"unnamed-chunk-1","dev":"png"},"document_id":"CBB52227","chunk_id":"cggt469wkrcaw","chunk_label":"unnamed-chunk-1"},{"row":21,"row_count":1,"visible":true,"expansion_state":0,"options":{"engine":"r","label":"unnamed-chunk-2","dev":"png"},"document_id":"CBB52227","chunk_id":"cn1w8lz0ped7b","chunk_label":"unnamed-chunk-2"},{"row":29,"row_count":1,"visible":true,"expansion_state":0,"options":{"engine":"r","label":"unnamed-chunk-3","dev":"png"},"document_id":"CBB52227","chunk_id":"cdbihvkt7eqb4","chunk_label":"unnamed-chunk-3"},{"row":53,"row_count":1,"visible":true,"expansion_state":0,"options":{"engine":"r","label":"unnamed-chunk-14","dev":"png"},"document_id":"CBB52227","chunk_id":"c4vlrbri3bmwy","chunk_label":"unnamed-chunk-4"},{"row":60,"row_count":1,"visible":true,"expansion_state":0,"options":{"engine":"r","label":"unnamed-chunk-17","dev":"png"},"document_id":"CBB52227","chunk_id":"cnvjv467y2quz","chunk_label":"unnamed-chunk-5"},{"row":67,"row_count":1,"visible":true,"expansion_state":0,"options":{"engine":"r","label":"unnamed-chunk-18","dev":"png"},"document_id":"CBB52227","chunk_id":"cub26rhwx5cb0","chunk_label":"unnamed-chunk-6"},{"row":72,"row_count":1,"visible":true,"expansion_state":0,"options":{"engine":"r","label":"unnamed-chunk-10","dev":"png"},"document_id":"CBB52227","chunk_id":"c3a2axukbinnp","chunk_label":"unnamed-chunk-7"},{"row":79,"row_count":1,"visible":true,"expansion_state":0,"options":{"engine":"r","label":"unnamed-chunk-19","dev":"png"},"document_id":"CBB52227","chunk_id":"c7ytpg8cvn7en","chunk_label":"unnamed-chunk-8"},{"row":85,"row_count":1,"visible":true,"expansion_state":0,"options":{"engine":"r","label":"unnamed-chunk-20","dev":"png"},"document_id":"CBB52227","chunk_id":"cc2n1p2pp3hze","chunk_label":"unnamed-chunk-9"},{"row":96,"row_count":1,"visible":true,"expansion_state":0,"options":{"engine":"r","label":"unnamed-chunk-22","dev":"png"},"document_id":"CBB52227","chunk_id":"cym0s9zn3gge5","chunk_label":"unnamed-chunk-10"},{"row":109,"row_count":1,"visible":true,"expansion_state":0,"options":{"engine":"r","label":"unnamed-chunk-29","dev":"png"},"document_id":"CBB52227","chunk_id":"czwtyuqqadphr","chunk_label":"unnamed-chunk-11"},{"row":113,"row_count":1,"visible":true,"expansion_state":0,"options":{"engine":"r","label":"unnamed-chunk-32","dev":"png"},"document_id":"CBB52227","chunk_id":"c6gi9eid1bje2","chunk_label":"unnamed-chunk-12"}],"doc_write_time":1732969037,"chunk_rendered_width":700}