"0","suppressWarnings(suppressPackageStartupMessages(library(car)))"
"0","suppressWarnings(suppressPackageStartupMessages(library(MASS)))"
"0","suppressWarnings(suppressPackageStartupMessages(library(nlme)))"
"0","suppressWarnings(suppressPackageStartupMessages(library(lme4)))"
"0","suppressWarnings(suppressPackageStartupMessages(library(multcomp)))"
"0","suppressWarnings(suppressPackageStartupMessages(library(ggplot2)))"
"0","suppressWarnings(suppressPackageStartupMessages(library(emmeans)))"
"0","suppressWarnings(suppressPackageStartupMessages(library(dplyr)))"
"0","suppressWarnings(suppressPackageStartupMessages(library(ggfortify)))"
"0",""
"0","library(car)"
"0","library(MASS)"
"0","require (nlme)"
"0","require(lme4)"
"0","require(multcomp)"
"0","require(ggplot2)"
"0","require(emmeans)"
"0","require(dplyr)"
"0","require(ggfortify)"
